domain;customer;responsible;confirm_required
aldi-sued.de;ALDI DE;Andreas;yes
arket.com;Arket;Andreas;yes
basicandmore.dk;Basic&More;Andreas;yes
billa.at;Billa;Andreas;yes
damfar.fo;Damfar;Andreas;yes
distribio.ma;Distribio;Andreas;yes
greenvillage.ma;Distribio;Andreas;yes
edeka-suedwest.de;EDEKA;Andreas;yes
edeka.de;EDEKA;Andreas;yes
minden.edeka.de;EDEKA;Andreas;yes
fozzy.ua;Eenvoudige Trade B.V. (Fozzy Group);Andreas;yes
helsam.dk;Helsam;Andreas;no
humblegroup.com;Humble - CAN;Andreas;yes
humblegroupusa.com;Humble - USA;Andreas;yes
schum.de;J.E. Schum;Andreas;yes
lami.com.tr;Lami;Andreas;yes
larsa-trd.com;Larsa;Andreas;yes
lomax.dk;Lomax;Andreas;yes
matas.dk;Matas;Andreas;yes
matasgroup.com;Matas;Andreas;yes
rewe-group.at;REWE;Andreas;yes
rewe-group.com;REWE;Andreas;yes
realfood.com.au;Realfood (Australia);Andreas;yes
realfooddistributors.com.au;Realfood (Australia);Andreas;yes
siradis.ch;Siradis;Andreas;yes
sodaehf.is;Soda;Andreas;yes
sostrenegrene.com;Søstrene Grene;Andreas;yes
tabikitchen.com;Tabi Kitchen;Andreas;yes
unitefoods.com;Unitefood;Andreas;yes
a-1.hr;A1 d.o.o.;Frederikke;yes
abc-lavpris.dk;ABC Lavpris;Frederikke;yes
amazingfood.se;Amazing Foods;Frederikke;yes
bambina.dk;Bambina;Frederikke;yes
bermagroup.cz;Berma Praha;Frederikke;yes
coop.dk;COOP Danmark;Frederikke;yes
bigdollar.dk;DOLLAR STORE;Frederikke;yes
dollarstore.se;DOLLAR STORE;Frederikke;yes
dagrofa-logistik.dk;Dagrofa;Frederikke;yes
dagrofa.dk;Dagrofa;Frederikke;yes
dzajic-commerce.com;Dzajic-Commerce d.o.o.;Frederikke;yes
eurobrands.com.pl;Eurobrands;Frederikke;yes
firtal.com;Firtal;Frederikke;yes
mg.firtal.com;Firtal;Frederikke;yes
gsdmail.se;Green Sales Distribution;Frederikke;yes
heinemann-retail.dk;Heinemann;Frederikke;yes
citti.de;Hørkram / Citti;Frederikke;yes
horkram.dk;Hørkram / Citti;Frederikke;yes
inco.dk;INCO;Frederikke;yes
jordklok.se;Jordklokk;Frederikke;yes
magasin.dk;Magasin;Frederikke;yes
mycare.se;MyCare;Frederikke;yes
outofhome.se;Out of Home;Frederikke;yes
premiumbrands.sk;Premium Brands;Frederikke;yes
prezentex.hu;Prezentex;Frederikke;yes
rekoshoppen.se;REKO Gruppen;Frederikke;yes
rema1000.dk;Reitan/rema;Frederikke;yes
remadistribution.dk;Reitan/rema;Frederikke;yes
rostar-bg.com;Rostar;Frederikke;yes
netto.dk;Salling  / NETTO;Frederikke;yes
sallinggroup.com;Salling  / NETTO;Frederikke;yes
shen.bg;Shen Bulgaria;Frederikke;yes
sonarproject.ro;Sonar project;Frederikke;yes
sugro.dk;Sügro;Frederikke;yes
tallink.com;Tallink;Frederikke;yes
vitalkost.no;Vitalkost;Frederikke;yes
greenheads.cz;Green Heads;Marc;yes
avex-al.com;Avex;Valentina;yes
avex.al;Avex;Valentina;yes
campsfood.nl;Camps Food;Valentina;yes
dm-drogeriemarkt.it;DM Italy;Valentina;yes
dm.de;DM Tyskland;Valentina;yes
delidrinks.com;DeliDrink;Valentina;yes
ecocareinnovation.com;ECO CARE;Valentina;yes
fcbsweden.se;First Class Brands;Valentina;yes
frontierfoods.ie;Frontier Foods;Valentina;yes
gkr.ee;GKR;Valentina;yes
gastronome.ge;Gastronome Georgia;Valentina;yes
globus.net;Globus;Valentina;yes
goodearthgoods.de;Good Earth;Valentina;yes
gourmandise.es;Gourmandise;Valentina;yes
gurkel.at;Gurkel;Valentina;yes
vitafood.es;Healthy Vitafood;Valentina;yes
hive.app;Hive;Valentina;yes
itubiodyn.fi;ITU Biodyn;Valentina;yes
jmd.pt;JMDB;Valentina;yes
lfs-rellingen.de;LFS Liebning GmbH;Valentina;yes
lvk.co;LVK - Stiller;Valentina;no
stiller.co.uk;LVK - Stiller;Valentina;no
lejos.fi;Lejos;Valentina;yes
limadistribution.it;Lima Distribution;Valentina;yes
muniq-kontor.com;Muniq Kontor;Valentina;yes
organicfriends.de;Organic Friends & Sports;Valentina;yes
ototo.at;Ototo;Valentina;yes
ototo.ro;Ototo;Valentina;yes
pallcenter.lu;Pall Center;Valentina;yes
rossmann.de;Rossmann;Valentina;yes
svensktkosttillskott.se;Svenskt Kosttillskott;Valentina;yes
tramitebroker.com;Tramite;Valentina;yes
veganista.at;Veganista;Valentina;yes
wholefoods.ie;Wholefoods;Valentina;yes
